Module,Depends on User Story ID,Requirement ID,,User Story,,Notes,,
,,,As a,I want to,So that,,,
user registration and login,,1,"student,admin,instructor,employer",create an account using my credentials,I can securely access the platform and its features,,,
user registration and login,1,2,"student,admin,instructor,employer",log in with credentials, I can access my account,,,
user registration and login,1,3,"student,admin,instructor,employer", reset my password,            I can regain access if I forget it,,,
user registration and login,1,4,"student,admin,instructor,employer",  verify my email , my account is authenticated,,,
user registration and login,2,5,"student,admin,instructor,employer",log out securely,my account stays secure,,,
admin and platform management,2,6,"student,instructor,employer",report inappropriate content,the platform remains professional,"reports may include spam, plagiarism, or offensive content and should be reviewed by an admin",,
admin and platform management,6,7,admin, review the reported content,if something is inappropriate i will remove it ,suspend the account,,
user portfolio creation and management,2,8,student,link my GitHub and LinkedIn profile,"employers can viewers can inspect the code to see my repositories and view my professional background, and i can easily share my project link,viewers can try the application",,,
portfolio search and filtration,2,9,employer ,view and inspect students code,i can hire/ recruit more employees ,,,
user portfolio creation and management,8,10,"student,admin,instructor,employer",mange my account details  ,i can update and delete account detials ,,,
project creation and submission,8,11,student ,create my project,upload demo video upload documents ,,,
project creation and submission,11,12,student,classify a project as either course?related or a bachelor thesis,it is categorized correctly,,,
project search and filtration,11,13,student,download publicly shared project resources,I can study or learn from the work,"downloads may include thesis files, research papers, or documentation",,
user portfolio creation and management,8,14,student,control profile and portfolio visibility,I can manage who sees my information,"Visibility options could be public, private, or restricted to certain groups",,
admin and platform management,2,15,admin,verify employer registrations before approval,I prevent fake recruiters,,,
instructor/collaborator assignment,11,16,student,see my project supervisors,I know who reviews my work,,,
instructor/collaborator assignment,16,17,student,add or remove collaborators from my project,control the participant's in my team,collaborators may have different permissions (edit/view),,
instructor/collaborator assignment,16,18,instructor,accept or reject project invitations,i can control my participation in projects,,,
instructor/collaborator assignment,16,19,instructor,view projects assigned to my course ,i can keep track of student progress,,,
instructor/collaborator assignment,16,20,instructor,view the list of students working on a project ,i can understand each participant's involvement,,,
feedback and review workflow,11,21,student,see comments from my instructor,I understand required changes,,,
feedback and review workflow,21,22,student,mark feedback as resolved,the workflow stays organized,,,
project creation and submission,11,23,student,track edits or recover older versions of a project,I can review previous updates and understand how the project evolved,,,
project creation and submission,23,24,student,edit my project after recieving feedback ,i can improve it's quality,"includes updating description, links, or collaborators",,
feedback and review workflow,21,25,instructor,provide feedback on student projects ,students can improve their work,feedback may include comments or review status,,
user portfolio creation and management,8,26,instructor,access student portofolios ,i can see their previous work and experience,,,
feedback and review workflow,21,27,instructor,approve the final project,it can be published and graded,,,
project creation and submission,11,28,instructor,view submitted projects ,I know when changes occur,,,
project creation and submission,28,29,student,keep my projects private,only instructors can access it throughout it's development,,,
project search and filtration,11,30,"student,admin,instructor,employer",sort projects using multiple sorting options,I can quickly find projects in the order I prefer,"relevance, popularity, or date",,
project search and filtration,30,31,employer ,view technologies used in a project,i can understand the students technical skills,,,
project search and filtration,30,32,employer ,view project description,i can undertsand it's functionality,,,
user portfolio creation and management,8,33,employer ,save student portolios,revisit their profiles later as ,,,
notifications,21,34,student,receive notifications in mail or in app when feedback is added,I stay updated and make changes according to feedback,project is approved/rejected,,
notifications,21,35,instructor,receive notifications in mail or in app when project content changes,i can stay updated ,,,
notifications,21,36,employer,receive notifications in mail or in app when a student responds to my  message,we can stay in contact,,,
notifications,21,37,admin,"I want to receive notifications in mail or in app when new users register, when inappropriate content is reported, and when important system activities occur", I can monitor the platform and take the necessary administrative actions,,,
messaging and communication,2,38,employer ,contact a student,i can discuss job opportunities,,,
project search and filtration,30,39,employer ,watch project demos,see how systems work,,,
user portfolio creation and management,8,40,student,follow other student's portofolios,i can stay updated with their new projects and achievements,,,
project search and filtration,30,41,student,browse for specific project by keywords ,I quickly find specific topics and explore others work,,,
user portfolio creation and management,8,42,student,create a portfolio,I can showcase my projects,,,
project search and filtration,30,43,"Student, Admin, Instructor, Employer","As a user, I want to filter projects and portfolios so that I can easily find relevant projects and candidates."," by course or project type ,technologies or frameworks used, students and portfolios by skills or graduation year to find suitable candidates",,,
portfolio search and filtration,9,44,employer ,view student's last login date,i reach out to active users,,,
project creation and submission,28,45,student,"I want to upload and manage complete project information including description, demo videos, repository links, and visibility settings",viewers can the the interfaceand the project working ,,,
project search and filtration,30,46,student,bookmark interesting projects,i can easily find them later,,,
messaging and communication,38,47,employer,message students through the platform,I discuss opportunities directly,,,
admin and platform management,6,48,admin,set default privacy rules for projects,student work is protected,,,
admin and platform management,6,49,admin,verify employer registrations before approval,I prevent fake recruiters from accessing the platform,,,
data management and backup,2,50,"student,admin,instructor,employer",I want my project data to be stored automatically,I do not lose progress,,,
data management and backup,50,51,admin, restore system data from backups ,the platform can recover after failures,,,
data management and backup,50,52,admin, monitor system logs ,I can detect and fix issues quickly,,,
data management and backup,50,53,admin, system to support modular components ,new features can be added easily,,,
feedback and review workflow,21,54,"student,admin,instructor,employer",comment on projects ,i can discuss ideas with others,,,
project creation and submission,28,55,student,upload screenshots and a demo video,viewers can see the interface and see the project working,File size limits and supported formats need to be defined,,
project creation and submission,28,56,student,save a project as draft,I can come back later and finish it,Drafts should be private and clearly marked as incomplete,,
project creation and submission,28,57,student,"edit , delete, submit project information","updates can be made, outdated work can be removed,it becomes available for review",,,
project search and filtration,30,58,student,"access and download bachelor projects ,read the full description",i have a complete academic and technical picture of the work in one place,,,
portfolio search and filtration,9,59,student,see which employers viewed my profile and how many times my projects were saved,I know who's interested in hiring me and know which projects are getting the most interest.,,,
instructor/collaborator assignment,16,60,student,receive suggestions for collaborators based on my skills,I can find teammates for future projects,,,
feedback and review workflow,21,61,employer,leave private notes on student profiles,my team remembers key observations,,,
analytics and reporting,11,62,instructor,export grades from multiple projects,I can upload them directly to the university system,,,
portfolio search and filtration,9,63,employer ,compare up to three students side-by-side,I can decide who to interview first,,,
notifications,21,64,student,receive a weekly email summary of activity on my projects,I stay updated without constantly checking the platform,,,
analytics and reporting,11,65,student,see how many times my project has been saved by employers,I know which projects are getting the most interest,,,
project creation and submission,28,66,student,"add a ""work  in progress"" badge to unfinished projects",viewers know the project is still being developed,,,
instructor/collaborator assignment,16,67,student,request feedback from multiple instructors on the same project,I get diverse perspectives before final submission,,,
feedback and review workflow,21,68,instructor,view a timeline of all changed made to a project ,I can see how it evolved over the semester,,,
feedback and review workflow,21,69,instructor,"nominate exceptional projects for a ""featured"" section ",outstanding student work gets more visibility,,,
portfolio search and filtration,9,70,employer ,sort students by univeraity and major,I can target candidates from specific academic backgrounds,,,
portfolio search and filtration,9,71,employer ,see if a student is currently looking for job oppurtunities ,I only reach out to active job seekers,,,
admin and platform management,6,72,admin,export a list of inactive accounts ,I can clean up the system and send reminders to inactive users,,,
admin and platform management,6,73,admin,customize the terms and conditions shown during registration,the platform stays compliant with university policies,,,
analytics and reporting,28,74,student,"add a ""project impact"" section showing how many people used or benefited from my project ",employers see real-world value.,,,
admin and platform management,6,75,admin,send announcements to specific user roles,messages reach the right people,,,
admin and platform management,6,76,admin,bulk-upload courses from spreadsheets,I save time on data entry,,,
instructor/collaborator assignment,16,77,admin,assign multiple instructors to one course,large courses have proper coverage,,,
admin and platform management,6,78,admin,archive past courses and projects,current content stays focused,,,
admin and platform management,6,79,admin,set default privacy for project types,                                   students don't accidentally expose work,,,
analytics and reporting,62,80,admin,generate platform usage reports,I show value to administration,,,
user portfolio creation and management,8,81,employer ,see which students have been endorsed by instructors or alumni,I can prioritize candidates with verified skills.,,,
feedback and review workflow,21,82,instructor,view a timeline of all changes made to a project,I can see how it evolved over the semester and cheating case .,,,
analytics and reporting,62,83,admin," want to create a ""project of the month"" feature that automatically selects based on views, saves, and positive feedback ", that outstanding work gets recognized,,,
project creation and submission,28,84,student ,create a project timeline showing milestones and deadlines,viewers can see how my work progressed over time,,,
feedback and review workflow,21,85,student,receive AI-powered suggestions for improving my project description based on successful similar projects,my portfolio stands out to employers.,,,
project creation and submission,28,86,instructor,create project templates with required sections,students don't forget to include important information.,,,
user portfolio creation and management,8,87,student,"update my profile details, including my photo, my academic information,contact information","my portfolio looks professional,viewers know more about my background,recruiters can reach me",,,
user portfolio creation and management,8,88,student,"add, edit skills to my portfolio",recruiters know my expertise and find required skills,may be divided to technical skills and soft skills,,
analytics and reporting,80,89,admin,"run an end-of-semester report showing top projects, most active instructors, and employer engagement",I can showcase platform success to university leadership.,,,
portfolio search and filtration,9,90,employer ,see if a student has participated in hackathons or competitions,I can identify candidates who thrive under pressure.,,,
portfolio search and filtration,9,91,student,accept or reject requests in case my account is private,i can control people who view my portofolio,,,
instructor/collaborator assignment,16,92,student,request mentorship from alumni who worked on similar projects,I can get guidance from experienced graduates.,,,
user portfolio creation and management,2,93,student,highlight and pin my best projects,they appear first in my portfolio,,,
project creation and submission,28,94,student, link each project to its corresponding course,so that reviewers know which course the project belongs to,may need course codes or semester info,,
project creation and submission,28,95,student,add a project description,viewers understand the project,,,
user portfolio creation and management,8,96,employer ,see a student's collaboration history,I know how well they work in teams.,,,
admin and platform management,6,97,instructor,receive suggestions for industry partners who might be interested in sponsoring student projects,my students get real-world experience,,,
notifications,34,98,"student,admin,instructor,employer",   control notification preferences,I avoid unnecessary alerts and remove spam notfications,,,
project search and filtration,30,99,employer,save searches and get alerts for new matches,I find candidates automatically,,,
analytics and reporting,6,100,student," a ""skills gap"" analysis comparing my portfolio to job descriptions ",I know what technologies to learn next,,,
,,,,,,,,
,,,,,,,,
,,,,,,,,
,,,,,,,,
,,,,,,,,
,,,,,,,,
